{
  "heldout_N": 984768,
  "heldout_D": 1499904,
  "predicted": 1.4752070106558484,
  "ci_lo": 1.4219249981087474,
  "ci_hi": 1.582742391124286,
  "observed": 1.579710839605754,
  "rel_error": 0.0661537708863139,
  "loo_max_rel_error": 0.06950586824042791,
  "inside_ci": true,
  "law": {
    "E": 0.027442823065975647,
    "A": 15.01202935994631,
    "B": 124.00935070329164,
    "alpha": 0.2722752066828749,
    "beta": 0.33243119023360945,
    "huber": 0.00017410931047649747,
    "n_points": 12
  },
  "n_points": 12
}